{"cameraMode":{"drawMode":0,"name":"Shaded","section":"Shading Mode"},"sceneLighting":true,"audioPlay":false,"sceneViewState":{"showFog":true,"showMaterialUpdate":false,"showSkybox":true,"showFlares":true,"showImageEffects":true,"showParticleSystems":true},"in2DMode":false,"pivot":{"x":33.213951110839847,"y":-3.8661038875579836,"z":44.77485275268555},"rotation":{"x":-0.23810289800167085,"y":-0.10319317132234574,"z":0.025461675599217416,"w":-0.9654112458229065},"size":37.349090576171878,"orthographic":false}