{"cameraMode":{"drawMode":0,"name":"Shaded","section":"Shading Mode"},"sceneLighting":true,"audioPlay":false,"sceneViewState":{"showFog":true,"showMaterialUpdate":false,"showSkybox":true,"showFlares":true,"showImageEffects":true,"showParticleSystems":true},"in2DMode":false,"pivot":{"x":49.999916076660159,"y":1.890608549118042,"z":49.98261260986328},"rotation":{"x":-0.1462068259716034,"y":0.15296106040477754,"z":-0.022896530106663705,"w":-0.9771094918251038},"size":1.4467679262161255,"orthographic":false}