{"cameraMode":{"drawMode":0,"name":"Shaded","section":"Shading Mode"},"sceneLighting":true,"audioPlay":false,"sceneViewState":{"showFog":true,"showMaterialUpdate":false,"showSkybox":true,"showFlares":true,"showImageEffects":true,"showParticleSystems":true},"in2DMode":false,"pivot":{"x":49.965999603271487,"y":0.6469999551773071,"z":50.01100158691406},"rotation":{"x":-0.2587225139141083,"y":-0.08766087144613266,"z":0.023583214730024339,"w":-0.9616775512695313},"size":5.068519115447998,"orthographic":false}