{"cameraMode":{"drawMode":0,"name":"Shaded","section":"Shading Mode"},"sceneLighting":true,"audioPlay":false,"sceneViewState":{"showFog":true,"showMaterialUpdate":false,"showSkybox":true,"showFlares":true,"showImageEffects":true,"showParticleSystems":true},"in2DMode":false,"pivot":{"x":45.650001525878909,"y":0.5753695964813232,"z":50.00188446044922},"rotation":{"x":-0.2587225139141083,"y":-0.08766087144613266,"z":0.023583214730024339,"w":-0.9616775512695313},"size":4.940221309661865,"orthographic":false}