{"cameraMode":{"drawMode":0,"name":"Shaded","section":"Shading Mode"},"sceneLighting":true,"audioPlay":false,"sceneViewState":{"showFog":true,"showMaterialUpdate":false,"showSkybox":true,"showFlares":true,"showImageEffects":true,"showParticleSystems":true},"in2DMode":false,"pivot":{"x":54.0031852722168,"y":0.8437614440917969,"z":49.52048873901367},"rotation":{"x":-0.06855804473161698,"y":-0.14108768105506898,"z":0.009794429875910283,"w":-0.9875719547271729},"size":5.385806560516357,"orthographic":false}